﻿<?xml version="1.0" encoding="UTF-8"?>
<metadata version="3.003">
<uniqueid id="org.sil.fonts.padauk.3.003" />
<vendor name="SIL International" url="http://software.sil.org" />
<credits>
<credit
            name="Martin Hosken"
            url="http://scripts.sil.org/"
            role="Chief Engineer" />
<credit
            name="Jon Coblentz"
            url="http://scripts.sil.org/"
            role="OpenType engineering" />
</credits>
<credit
            name="Bobby deVos"
            url="http://scripts.sil.org/"
            role="Font engineer" />
</credits>
<credit
            name="Keith Stribley"
            url=""
            role="OpenType engineering" />
</credits>
<credit
            name="Debbi Hosken"
            url="http://scripts.sil.org/"
            role="Glyph design" />
</credits>
<credit
            name="Iska Routamaa"
            url="http://scripts.sil.org/"
            role="Glyph design, book & bold interpolations" />
</credits>
<description>
<text lang="en">
        Padauk is a pan Burma font designed to support all Myanmar script based 
        languages. It covers all of the Unicode Myanmar script blocks and works 
        on all OpenType and Graphite based systems.
        

        Features:
        * Special support for: ksw, kht, kyu, shn, aio, phk
        * Variation Selector support for kht, aio, phk


        Two fonts from this typeface family are included in this release:

             * Padauk Regular
             * Padauk Bold
             * Padauk Book
             * Padauk Book Bold

        For detailed documentation see the contents of the 'documentation' folder.

        ChangeLog
        ---------
        (This should list both major and minor changes, most recent first.)
        10 March 2017. Version 3.003
        - Run ttfautohint 1.6 which has support for Myanmar

        22 November 2016. Version 3.002
        - Run ttx optimisation during the build to reduce file size
        - Change font file names to more conventional file naming practice
        
        15th September 2016. Version 3.001
        - Change lower ascii characters from being marks to spacing
        
        7th June 2016. Version 3.0
        - Add mym2 OpenType support
        - Support minority languages in OpenType
        - Support 4 faces, book and regular in bold and regular
</text>
</description>
<license url="http://scripts.sil.org/OFL"
             id="org.sil.ofl.1.1">
<text lang="en">
            Copyright (c) 2003-2017 SIL International (http://www.sil.org/),
            with Reserved Font Name "Padauk".

            This Font Software is licensed under the SIL Open Font License, Version 1.1.
            This license is copied below, and is also available with a FAQ at:
            http://scripts.sil.org/OFL


            -----------------------------------------------------------
            SIL OPEN FONT LICENSE Version 1.1 - 26 February 2007
            -----------------------------------------------------------

            PREAMBLE
            The goals of the Open Font License (OFL) are to stimulate worldwide
            development of collaborative font projects, to support the font creation
            efforts of academic and linguistic communities, and to provide a free and
            open framework in which fonts may be shared and improved in partnership
            with others.

            The OFL allows the licensed fonts to be used, studied, modified and
            redistributed freely as long as they are not sold by themselves. The
            fonts, including any derivative works, can be bundled, embedded,
            redistributed and/or sold with any software provided that any reserved
            names are not used by derivative works. The fonts and derivatives,
            however, cannot be released under any other type of license. The
            requirement for fonts to remain under this license does not apply
            to any document created using the fonts or their derivatives.

            DEFINITIONS
            "Font Software" refers to the set of files released by the Copyright
            Holder(s) under this license and clearly marked as such. This may
            include source files, build scripts and documentation.

            "Reserved Font Name" refers to any names specified as such after the
            copyright statement(s).

            "Original Version" refers to the collection of Font Software components as
            distributed by the Copyright Holder(s).

            "Modified Version" refers to any derivative made by adding to, deleting,
            or substituting -- in part or in whole -- any of the components of the
            Original Version, by changing formats or by porting the Font Software to a
            new environment.

            "Author" refers to any designer, engineer, programmer, technical
            writer or other person who contributed to the Font Software.

            PERMISSION &amp; CONDITIONS
            Permission is hereby granted, free of charge, to any person obtaining
            a copy of the Font Software, to use, study, copy, merge, embed, modify,
            redistribute, and sell modified and unmodified copies of the Font
            Software, subject to the following conditions:

            1) Neither the Font Software nor any of its individual components,
            in Original or Modified Versions, may be sold by itself.

            2) Original or Modified Versions of the Font Software may be bundled,
            redistributed and/or sold with any software, provided that each copy
            contains the above copyright notice and this license. These can be
            included either as stand-alone text files, human-readable headers or
            in the appropriate machine-readable metadata fields within text or
            binary files as long as those fields can be easily viewed by the user.

            3) No Modified Version of the Font Software may use the Reserved Font
            Name(s) unless explicit written permission is granted by the corresponding
            Copyright Holder. This restriction only applies to the primary font name as
            presented to the users.

            4) The name(s) of the Copyright Holder(s) or the Author(s) of the Font
            Software shall not be used to promote, endorse or advertise any
            Modified Version, except to acknowledge the contribution(s) of the
            Copyright Holder(s) and the Author(s) or with their explicit written
            permission.

            5) The Font Software, modified or unmodified, in part or in whole,
            must be distributed entirely under this license, and must not be
            distributed under any other license. The requirement for fonts to
            remain under this license does not apply to any document created
            using the Font Software.

            TERMINATION
            This license becomes null and void if any of the above conditions are
            not met.

            DISCLAIMER
            THE FONT SOFTWARE IS PROVIDED "AS IS", WITHOUT WARRANTY OF ANY KIND,
            EXPRESS OR IMPLIED, INCLUDING BUT NOT LIMITED TO ANY WARRANTIES OF
            MERCHANTABILITY, FITNESS FOR A PARTICULAR PURPOSE AND NONINFRINGEMENT
            OF COPYRIGHT, PATENT, TRADEMARK, OR OTHER RIGHT. IN NO EVENT SHALL THE
            COPYRIGHT HOLDER BE LIABLE FOR ANY CLAIM, DAMAGES OR OTHER LIABILITY,
            INCLUDING ANY GENERAL, SPECIAL, INDIRECT, INCIDENTAL, OR CONSEQUENTIAL
            DAMAGES, WHETHER IN AN ACTION OF CONTRACT, TORT OR OTHERWISE, ARISING
            FROM, OUT OF THE USE OR INABILITY TO USE THE FONT SOFTWARE OR FROM
            OTHER DEALINGS IN THE FONT SOFTWARE.
</text>
</license>
<copyright>
<text lang="en">Copyright (c) 2007-2017 SIL International (http://www.sil.org/)</text>
</copyright>
<trademark>
<text lang="en">Padauk is a trademark of SIL International</text>
</trademark>
</metadata>
